USE PurpleLane_Database

INSERT INTO MsCustomer 
VALUES
('CU019', 'Niles James Kempstone', '08 122 266 6350', 'Northport Trail', 'Female', 'nkempstone0@google.ca'),
('CU059', 'Ilaire Varian', '08 502 635 3255', 'Waxwing Trail', 'Female', 'ivarian1@vimeo.com'),
('CU079', 'Gerrilee Caine', '08 221 713 1620', 'Chinook Street', 'Female', 'gcaine2@yahoo.com'),
('CU029', 'Stafani Noone ', '08 767 847 5259', 'Stephen Circle', 'Female', 'snoone3@time.com'),
('CU099', 'Ruthi Videan', '08 476 815 9704', 'Huxley Plaza', 'Male', 'rvidean4@berkeley.edu'),
('CU039', 'Ferdinande Barbier', '08 115 616 3205', 'Clarendon Drive', 'Female', 'fbarbier5@privacy.gov.au'),
('CU021', 'Paquito Brinson', '08 933 763 9841', 'Lawn Street', 'Male', 'pbrinson6@xing.com'),
('CU321', 'Cort Declan Hooghe', '08 713 759 1302', 'Dayton Trail', 'Female', 'cdhooghe7@phoca.cz'),
('CU210', 'Teresina Swaile Ainsley', '08 352 284 1588', 'Heath Trail', 'Female', 'tswaile8@stumbleupon.com'),
('CU329', 'Yvette Trundell', '08 789 449 1669', 'Johnson Parkway', 'Male', 'ytrundell9@pbs.org'),
('CU987', 'Carin Kenen Afarga', '08 251 830 3457', 'Dapin Road', 'Female', 'ckenena@sogou.com'),
('CU364', 'Gustie Page', '08 354 349 0313', 'Village Green Hill', 'Female', 'gpageb@buzzfeed.com'),
('CU458', 'Misha Taylorson', '08 164 183 8294', 'Oakridge Avenue', 'Female', 'mtaylorsonc@sbwire.com'),
('CU694', 'Porty Lovekin Chloe', '08 668 273 2184', 'Sommers Trail', 'Female', 'plovekind@imageshack.us'),
('CU248', 'Jessamyn Kenrat', '08 144 220 9408', 'Delaware Parkway', 'Male', 'jkenrate@bbb.org'),
('CU154', 'Margaretha Chatters', '08 802 493 5909', 'Bellgrove Crossing', 'Male', 'mchattersf@cisco.com'),
('CU432', 'Royce Lerway', '08 644 732 9555', 'Londonderry Terrace', 'Female', 'rlerwayg@nhs.uk'),
('CU910', 'Abby Stedell', '08 880 777 1515', 'Sauthoff Road', 'Female', 'astedellh@ow.ly'),
('CU581', 'Karia Misk', '08 622 115 2986', 'Twin Pines Junction', 'Female', 'kmiski@yandex.ru'),
('CU369', 'Dael Waszczyk', '08 683 395 1664', 'Coolidge Alley', 'Male', 'dwaszczykj@auda.org.au');

INSERT INTO MsStaff 
VALUES 
('ST001', 'Shea Brasner', 'Male', 'sbrasner@purplelane.com', '08 255 224 1682', '7th Court', 4298973),
('ST002', 'Mycah Kale', 'Male', 'mkale@purplelane.com', '08 888 693 0002', 'Milwaukee Alley', 1255551),
('ST003', 'Curtis Biss', 'Female', 'cbiss@purplelane.com', '08 248 336 1124', 'Oriole Road', 7002500),
('ST004', 'Marnie Worthy', 'Female', 'mworthy@purplelane.com', '08 566 224 1682', 'Anderson Alley', 6012970),
('ST005', 'Paxon Gabler', 'Female', 'pgabler@purplelane.com', '08 525 593 3329', 'Scofield Place', 4001316),
('ST006', 'Gilbertina Monery', 'Female', 'gmonery@purplelane.com', '08 999 404 1930', 'Oriole Park', 5388565),
('ST007', 'Mariquilla Gerrie', 'Male', 'mgerrie@purplelane.com', '08 555 219 2254', 'Shasta Point', 5564653),
('ST008', 'Janela Piolli', 'Female', 'jpiolli@purplelane.com', '08 343 993 7534', 'Bluejay Parkway', 6918837),
('ST009', 'Teodoor Ruddom', 'Female', 'truddom@purplelane.com', '08 585 449 2651', 'Eggendart Drive', 7381187),
('ST010', 'Adoree Burel', 'Female', 'aburel@purplelane.com', '08 433 257 0086', 'Vahlen Park', 7357949),
('ST011', 'Gretchen Daybell', 'Female', 'gdaybella@purplelane.com', '08 682 158 4866', 'Ilene Center', 1277159),
('ST012', 'Cordy Havard', 'Male', 'chavardb@purplelane.com', '08 579 246 7649', 'Stone Corner Center', 3747149),
('ST013', 'Gerta Buttrick', 'Female', 'gbuttrickc@purplelane.com', '08 429 684 7534', 'Texas Circle', 4434709),
('ST014', 'Melvyn Esh', 'Female', 'meshd@purplelane.com', '08 685 249 7651', 'Fulton Park', 6203120),
('ST015', 'Kariotta Heyward', 'Male', 'kheywarde@purplelane.com', '08 448 951 1968', 'Warrior Plaza', 6067964),
('ST016', 'Mead McIlroy', 'Female', 'mmcilroyf@purplelane.com', '08 458 985 4586', 'Judy Pass', 2047850),
('ST017', 'Sibylla Kruschev', 'Male', 'skruschevg@purplelane.com', '08 158 866 4582', 'Grasskamp Circle', 5155767),
('ST018', 'Rafaelita Bontoft', 'Male', 'rbontofth@purplelane.com', '08 256 859 1574', 'Emmet Park', 4555876),
('ST019', 'Romona Dabourne', 'Male', 'rdabournei@purplelane.com', '08 854 364 1513', 'Sachs Point', 6872026),
('ST020', 'Magdalen McGahey', 'Female', 'mmcgaheyj@purplelane.com', '08 854 356 2818', 'Messerschmidt Parkway', 6609073);

 INSERT INTO MsSupplier 
 VALUES
('SU001', 'Margarette Rosendahl', 'Loftsgordon Lane'),
('SU002', 'Gimson', 'Southridge Court'),
('SU003', 'Lenora Ferrari', 'Sachs Center'),
('SU004', 'Bartlet Bourchier', 'Hagan Road'),
('SU005', 'Vlad Suthworth', 'Ilene Alley'),
('SU006', 'Lilli Holstein', 'Troy Drive'),
('SU007', 'Francoise Gammade', 'Oak Parkway'),
('SU008', 'Benjy Scarsbrooke', 'Arrowood Center'),
('SU009', 'Lyn Sandeman', 'Walton Road'),
('SU010', 'Bryn Mullin', 'Starling Avenue'),
('SU011', 'Consuela Joddens', 'Oak Court'),
('SU012', 'Meggy Petrushanko', 'Elka Pass'),
('SU013', 'Conrad', 'Clarendon Point'),
('SU014', 'Harmonie Ledner', 'Namekagon Pass'),
('SU015', 'Khalil', 'Burrows Circle'),
('SU016', 'Dorelle Sellers', 'Sutherland Crossing'),
('SU017', 'Ludovico Elcombe', 'Onsgard Road'),
('SU018', 'Abigale Paolillo', 'Jenna Plaza'),
('SU019', 'Marlee', 'Leroy Park'),
('SU020', 'Judith Vivers', 'Lakewood Trail');

INSERT INTO MsProductCategory
VALUES
('PC001', 'Chair'),
('PC002', 'Stool'),
('PC003', 'Dining Table'),
('PC004', 'Coffee Table'),
('PC005', 'Bed'),
('PC006', 'Sofa'),
('PC007', 'Wardrobe'),
('PC008', 'Cabinet'),
('PC009', 'Drawer'),
('PC010', 'Other');

INSERT INTO MsProduct
VALUES
('PR001', 'PC001', 'IKEA', 30, 500000, 750000),
('PR002', 'PC002', 'Informa', 40, 200000, 750000),
('PR003', 'PC003', 'TOP', 10, 7500000, 9000000),
('PR004', 'PC004', 'RH Product', 20, 100000, 250000),
('PR005', 'PC005', 'Bashley', 40, 350000, 690000),
('PR006', 'PC006', 'Basset', 20, 120000, 5890000),
('PR007', 'PC007', 'KIEA', 80, 1000000, 2200000),
('PR008', 'PC008', 'Arctic', 60, 750000, 1500000),
('PR009', 'PC009', 'SuperDrawer', 70, 500000, 750000),
('PR010', 'PC005', 'Bibha', 150, 500000, 750000),
('PR011', 'PC008', 'BLJ', 130, 450000, 636000),
('PR012', 'PC002', 'Napol', 230, 600000, 9890000),
('PR013', 'PC009', 'MIPA', 580, 5000000, 6000000),
('PR014', 'PC004', 'ACE', 690, 250000, 600000),
('PR015', 'PC003', 'Redur', 80, 750000, 850000),
('PR016', 'PC004', 'HighDur', 30, 800000, 900000),
('PR017', 'PC005', 'SuperBoard', 20, 680000, 790000),
('PR018', 'PC007', 'DEH', 150, 6000000, 9000000),
('PR019', 'PC001', 'Xkraf', 90, 5000000, 7500000),
('PR020', 'PC010', 'Sigha', 100, 3500000, 7850000),
('PR021', 'PC001', 'AB6IX', 800, 50000, 100000),
('PR022', 'PC002', 'GOT7', 900, 100000, 125000);

INSERT INTO HeaderSalesTransaction VALUES
('SA001','ST001','CU019','2021-07-20'),
('SA002','ST002','CU059','2021-07-21'),
('SA003','ST003','CU079','2020-07-22'),
('SA004','ST004','CU029','2021-07-23'),
('SA005','ST005','CU099','2021-07-24'),
('SA006','ST006','CU039','2021-09-25'),
('SA007','ST007','CU021','2021-07-26'),
('SA008','ST008','CU321','2021-07-27'),
('SA009','ST009','CU210','2021-09-28'),
('SA010','ST010','CU329','2020-07-29'),
('SA011','ST011','CU987','2021-08-01'),
('SA012','ST012','CU364','2020-08-02'),
('SA013','ST013','CU458','2021-08-03'),
('SA014','ST014','CU694','2021-08-04'),
('SA015','ST015','CU248','2021-08-05'),
('SA016','ST016','CU154','2020-09-06'),
('SA017','ST017','CU432','2021-08-07'),
('SA018','ST018','CU910','2021-08-08'),
('SA019','ST019','CU581','2021-08-09'),
('SA020','ST020','CU369','2021-09-10'),
('SA021','ST020','CU369','2021-08-10'),
('SA022','ST002','CU059','2021-10-24'),
('SA023','ST003','CU059','2021-11-01'),
('SA024','ST003','CU059','2021-04-24'), 
('SA025','ST004','CU079','2021-06-12');


INSERT INTO HeaderPurchaseTransaction VALUES
('PA001','ST001','SU001','2020-10-20'),
('PA002','ST002','SU002','2021-11-21'),
('PA003','ST003','SU003','2021-12-22'),
('PA004','ST004','SU004','2020-10-23'),
('PA005','ST005','SU005','2021-11-24'),
('PA006','ST006','SU006','2021-09-25'),
('PA007','ST007','SU007','2021-12-26'),
('PA008','ST008','SU008','2021-11-27'),
('PA009','ST009','SU009','2021-12-28'),
('PA010','ST010','SU010','2021-05-29'),
('PA011','ST011','SU011','2021-04-01'),
('PA012','ST012','SU012','2021-09-02'),
('PA013','ST013','SU013','2020-03-03'),
('PA014','ST014','SU014','2021-12-04'),
('PA015','ST015','SU015','2021-10-05'),
('PA016','ST016','SU016','2021-08-06'),
('PA017','ST017','SU017','2021-09-07'),
('PA018','ST018','SU018','2021-11-08'),
('PA019','ST019','SU019','2021-12-09'),
('PA020','ST020','SU020','2021-11-10'),
('PA021','ST020','SU020','2021-10-10');

INSERT INTO SalesTransactionDetail VALUES 
('SA001','PR001',12),
('SA001','PR002',3),
('SA002','PR002',14),
('SA002','PR012',3),
('SA002','PR003',4),
('SA002','PR005',5),
('SA003','PR001',1),
('SA003','PR019',3),
('SA003','PR012',11),
('SA004','PR019',1),
('SA004','PR011',2),
('SA005','PR003',1),
('SA006','PR020',1),
('SA006','PR018',2),
('SA007','PR002',3),
('SA007','PR005',5),
('SA007','PR007',5),
('SA007','PR008',1),
('SA008','PR001',3),
('SA008','PR004',6),
('SA008','PR009',3),
('SA008','PR010',2),
('SA009','PR009',5),
('SA010','PR001',1),
('SA011','PR005',8),
('SA011','PR006',3),
('SA011','PR013',7),
('SA012','PR012',2),
('SA013','PR013',1),
('SA014','PR014',2),
('SA015','PR015',2),
('SA016','PR013',2),
('SA016','PR015',1),
('SA017','PR001',3),
('SA018','PR002',3),
('SA018','PR017',4),
('SA019','PR016',3),
('SA019','PR015',6),
('SA019','PR012',2),
('SA020', 'PR015',3),
('SA020','PR020',2),
('SA021', 'PR012',1),
('SA021', 'PR011',3),
('SA022', 'PR001',5),
('SA023', 'PR003',7),
('SA024', 'PR008',12),
('SA025', 'PR016',9);

INSERT INTO PurchaseTransactionDetail VALUES 
('PA001','PR001',7),
('PA001','PR019',5),
('PA002','PR003',5),
('PA003','PR004',5),
('PA004','PR001',15),
('PA004','PR002',5),
('PA004','PR003',3),
('PA005','PR012',4),
('PA005','PR005',5),
('PA006','PR006',2),
('PA006','PR017',10),
('PA006','PR018', 17),
('PA007','PR008',20),
('PA007','PR009',5),
('PA008','PR002',2),
('PA009','PR003',5),
('PA010','PR005',5),
('PA011','PR015',7),
('PA012','PR020',8),
('PA013','PR003',1),
('PA014','PR005',2),
('PA014','PR015',2),
('PA015','PR016',3),
('PA015','PR005',5),
('PA016', 'PR004',5),
('PA017','PR007',1),
('PA018','PR009',10),
('PA019','PR011',1),
('PA020','PR012',2),
('PA021','PR018',1),
('PA021','PR019',5);

